{"cameraMode":{"drawMode":0,"name":"Shaded","section":"Shading Mode"},"sceneLighting":true,"audioPlay":false,"sceneViewState":{"showFog":true,"showMaterialUpdate":false,"showSkybox":true,"showFlares":true,"showImageEffects":true,"showParticleSystems":true},"in2DMode":false,"pivot":{"x":8.490909576416016,"y":0.03451883792877197,"z":36.12632369995117},"rotation":{"x":-0.3428850769996643,"y":0.5893844962120056,"z":-0.30382978916168215,"w":-0.6656128764152527},"size":38.71049499511719,"orthographic":false}